<block>
  <name>Flexconnect</name>
  <key>flex_flexconnect</key>
  <category>FLEX</category>
  <import>import flex</import>
  <make>flex.flexconnect($samplerate, $daxchannel, $ipadr, $port, $freq, $ant, $mode, $daxiq)</make>
  <param>
    <name>Samplerate</name>
    <key>samplerate</key>
    <type>int</type>
  </param>
  <param>
    <name>Daxchannel</name>
    <key>daxchannel</key>
    <type>int</type>
  </param>
  <param>
    <name>Ipadr</name>
    <key>ipadr</key>
    <type>string</type>
  </param>
  <param>
    <name>Port</name>
    <key>port</key>
    <type>int</type>
  </param>
  <param>
    <name>Freq</name>
    <key>freq</key>
    <type>int</type>
  </param>
  <param>
    <name>Ant</name>
    <key>ant</key>
    <type>string</type>
  </param>
  <param>
    <name>Mode</name>
    <key>mode</key>
    <type>string</type>
  </param>
  <param>
    <name>Daxiq</name>
    <key>daxiq</key>
    <type>int</type>
  </param>
</block>
